Workbook

Sheet Statement
K4: Data Description
B5: Problem Statement: You are working as a data analyst for a media insights firm. Your team has compiled a dataset of popular YouTube channels from India and around the world. You have been tasked with performing a basic analysis using Excel to understand content trends, audience reach, and upload activity across different types of channels. Using this dataset, you will calculate summary statistics and answer simple data-driven questions using Excel formulas. This exercise will help you practice foundational Excel skills like using SUM, AVERAGE, MAX, MIN, COUNTIF, LARGE, and SMALL. | K5: Column Name | L5: Description
K6: Sr No. | L6: Serial number for each channel
K7: Channel Name | L7: The name of the YouTube channel
K8: Category | L8: The content type (e.g., Music, Education, Tech, Gaming, etc.)
K9: Launch Year | L9: The year the channel was started
K10: Subscribers (M) | L10: Total number of subscribers (in millions)
K11: Videos Uploaded | L11: Total number of videos uploaded on the channel
K12: Total Views (M) | L12: Total number of views the channel has received (in millions)

Sheet Youtube
A1: Sr No. | B1: Channel Name | C1: Category | D1: Launch Year | E1: Subscribers (M) | F1: Videos Uploaded | G1: Total Views (M)
A2: =ROW(A1) -> 1 | B2: T-Series | C2: Music | D2: 2006 | E2: 270 | F2: 423 | G2: 9866.68
A3: =ROW(A2) -> 2 | B3: MrBeast | C3: Entertainment | D3: 2012 | E3: 260 | F3: 1025 | G3: 19563.65
A4: =ROW(A3) -> 3 | B4: Cocomelon - Nursery Rhymes | C4: Kids | D4: 2006 | E4: 180 | F4: 1443 | G4: 6986.33
A5: =ROW(A4) -> 4 | B5: SET India | C5: Entertainment | D5: 2006 | E5: 160 | F5: 1356 | G5: 11500.53
A6: =ROW(A5) -> 5 | B6: PewDiePie | C6: Gaming | D6: 2010 | E6: 111 | F6: 1166 | G6: 4847.63
A7: =ROW(A6) -> 6 | B7: Like Nastya | C7: Kids | D7: 2016 | E7: 110 | F7: 1630 | G7: 9343.63
A8: =ROW(A7) -> 7 | B8: Kids Diana Show | C8: Kids | D8: 2015 | E8: 105 | F8: 1205 | G8: 4272.79
A9: =ROW(A8) -> 8 | B9: Zee Music Company | C9: Music | D9: 2014 | E9: 100.3 | F9: 1257 | G9: 3397.11
A10: =ROW(A9) -> 9 | B10: WWE | C10: Sports | D10: 2007 | E10: 100 | F10: 1956 | G10: 8568.99
A11: =ROW(A10) -> 10 | B11: Vlad and Niki | C11: Kids | D11: 2018 | E11: 95 | F11: 1293 | G11: 7737.53
A12: =ROW(A11) -> 11 | B12: Sony SAB | C12: Entertainment | D12: 2008 | E12: 92 | F12: 1299 | G12: 8326.96
A13: =ROW(A12) -> 12 | B13: BLACKPINK | C13: Music | D13: 2016 | E13: 90 | F13: 1707 | G13: 2138.68
... A154: =ROW(A153) -> 153 | B154: Let's Learn Public Administration | C154: Education | D154: 2019 | E154: 1.2 | F154: 1113 | G154: 40.1
A155: 134 | B155: Channel 1 | C155: Comedy | D155: 2012 | E155: 7.5 | F155: 841 | G155: 205.65
A156: 135 | B156: Channel 2 | C156: News | D156: 2015 | E156: 1.3 | F156: 272 | G156: 85.42
A157: 136 | B157: Channel 3 | C157: Tech | D157: 2020 | E157: 3.1 | F157: 1448 | G157: 177.3
A158: 137 | B158: Channel 4 | C158: Gaming | D158: 2012 | E158: 11.4 | F158: 220 | G158: 480.04
A159: 138 | B159: Channel 5 | C159: Lifestyle | D159: 2018 | E159: 6 | F159: 745 | G159: 465.19
A160: 139 | B160: Channel 6 | C160: Gaming | D160: 2021 | E160: 7.8 | F160: 469 | G160: 167.77
A161: 140 | B161: Channel 7 | C161: News | D161: 2021 | E161: 2.3 | F161: 443 | G161: 50.77
A162: 141 | B162: Channel 8 | C162: Motivation | D162: 2020 | E162: 3.4 | F162: 707 | G162: 224.6
A163: 142 | B163: Channel 9 | C163: Tech | D163: 2017 | E163: 9.8 | F163: 324 | G163: 753.68
A164: 143 | B164: Channel 10 | C164: Fitness | D164: 2012 | E164: 9.6 | F164: 379 | G164: 229.75
A165: 144 | B165: Channel 11 | C165: Vlogs | D165: 2016 | E165: 14.7 | F165: 881 | G165: 1101.02
A166: 145 | B166: Channel 12 | C166: Gaming | D166: 2013 | E166: 14.7 | F166: 394 | G166: 828.15
... A254: 233 | B254: Channel 100 | C254: Vlogs | D254: 2018 | E254: 9.2 | F254: 1212 | G254: 409.08

Sheet Questions
B3: Q.No | C3: Question | D3: Answers:
B4: 1 | C4: How many YouTube channels are listed in the dataset? | D4: =COUNTA(Youtube!B2:B254) -> 253
B5: 2 | C5: What is the total number of videos uploaded by all channels? | D5: =SUM(Youtube!F2:F254) -> 241331
B6: 3 | C6: What is the average number of subscribers? | D6: =AVERAGE(Youtube!E2:E254) -> 18.343874
B7: 4 | C7: What is the highest number of total views? | D7: =MAX(Youtube!G2:G254) -> 19563.65
B8: 5 | C8: What is the lowest number of videos uploaded? | D8: =MIN(Youtube!F2:F254) -> 107
B9: 6 | C9: How many channels are from the category "Music"? | D9: =COUNTIF(Youtube!C2:C254, "Music") -> 15
B10: 7 | C10: What is the average number of videos uploaded by "Tech" channels? | D10: =AVERAGEIF(Youtube!C2:C254, "Tech", Youtube!F2:F254) -> 997.47059
B11: 8 | C11: What is the most common category in the dataset?
B12: 9 | C12: What is the 3rd highest subscriber count? | D12: =LARGE(Youtube!E2:E254,3) -> 180
B13: 10 | C13: What is the 5th lowest total views? | D13: =SMALL(Youtube!G2:G254,5) -> 40.14
B14: 11 | C14: What is the total number of channels launched in 2020? | D14: =COUNTIF(Youtube!D2:D254, 2020) -> 13
B15: 12 | C15: What is the average number of subscribers for channels launched in 2019? | D15: =AVERAGEIF(Youtube!D2:D254, 2019,Youtube!E2:E254) -> 5.6230769
B16: 13 | C16: What is the range of subscriber counts? | D16: =MAX(Youtube!E2:E254)-MIN(Youtube!E2:E254) -> 269.3
B17: 14 | C17: What is the total number of views for all channels? | D17: =SUM(Youtube!G2:G254) -> 269736.37
B18: 15 | C18: What is the standard deviation of total views? | D18: =_xlfn.STDEV.S(Youtube!G2:G254) -> 2024.2922
